,epoch,time,loss_naiver_stocks,ns_pde_loss,ns_bdr_loss
0,0,1.3842601776123047,1.98059427557802e+20,2689.0062713623047,1.98059427557802e+20
