,epoch,time,loss_naiver_stocks,ns_pde_loss,ns_bdr_loss
0,0,1.3842954635620117,1.98059427557802e+20,2689.100112915039,1.98059427557802e+20
